Date,Open,High,Low,Close,Volume
3-Mar-03,9141.46,9316.27,9141.46,9268.77,213816000
28-Feb-03,9146.63,9185.81,9111.17,9122.66,149296400
27-Feb-03,9072.87,9175.32,9029.95,9134.24,189162400
26-Feb-03,9156.80,9163.33,9097.49,9116.28,129927000
25-Feb-03,9140.06,9154.42,9103.29,9148.48,188640600
24-Feb-03,9302.73,9313.81,9231.01,9239.47,119645600
21-Feb-03,9361.05,9364.83,9231.37,9250.86,175479200
20-Feb-03,9415.21,9460.89,9381.14,9390.48,157138600
19-Feb-03,9461.13,9463.99,9389.40,9427.63,171202200
18-Feb-03,9367.94,9417.70,9342.05,9397.05,123444800
17-Feb-03,9311.65,9392.86,9311.65,9383.68,193064000
14-Feb-03,9201.11,9253.87,9191.01,9201.76,127095400
13-Feb-03,9273.38,9283.23,9142.94,9173.43,182251200
12-Feb-03,9169.86,9334.90,9162.52,9314.90,173360400
11-Feb-03,9237.19,9285.06,9151.22,9194.91,201740000
10-Feb-03,9135.10,9232.14,9131.62,9232.14,145628000
7-Feb-03,9099.41,9163.67,9072.67,9150.95,153250800
6-Feb-03,9178.26,9184.76,9094.86,9126.15,191530600
5-Feb-03,9214.64,9238.92,9156.31,9180.47,156418400
4-Feb-03,9327.32,9331.95,9208.23,9252.71,157056000
30-Jan-03,9251.94,9266.15,9179.24,9258.95,151874200
29-Jan-03,9272.28,9281.99,9203.68,9240.79,179591200
28-Jan-03,9244.30,9341.11,9237.45,9325.60,132839200
27-Jan-03,9326.76,9326.76,9253.36,9298.67,192059400
24-Jan-03,9558.48,9575.27,9416.12,9460.60,220192000
23-Jan-03,9513.58,9606.87,9513.58,9584.70,143682000
22-Jan-03,9484.89,9581.24,9456.66,9560.29,177654800
21-Jan-03,9558.20,9595.26,9548.14,9568.47,142951600
20-Jan-03,9551.56,9560.39,9501.52,9552.02,176223000
17-Jan-03,9730.55,9733.44,9597.23,9614.59,171659400
16-Jan-03,9798.16,9823.63,9727.30,9743.23,189955000
15-Jan-03,9807.43,9892.70,9807.43,9873.49,215218800
14-Jan-03,9812.91,9843.81,9780.54,9796.31,168152000
13-Jan-03,9752.30,9834.08,9752.30,9834.08,197967600
10-Jan-03,9711.76,9778.28,9688.99,9721.50,172862200
9-Jan-03,9626.14,9677.59,9599.24,9675.41,129623200
8-Jan-03,9632.36,9781.08,9624.04,9688.21,202439200
7-Jan-03,9710.79,9710.79,9592.29,9652.40,267021800
6-Jan-03,9605.09,9683.86,9560.82,9665.96,234912800
3-Jan-03,9523.25,9585.66,9520.85,9583.85,291454400
2-Jan-03,9333.64,9378.35,9294.53,9365.52,126907400
31-Dec-02,9298.78,9332.02,9291.77,9321.29,76193400
30-Dec-02,9345.67,9362.70,9244.90,9272.33,220730400
27-Dec-02,9542.49,9550.59,9426.06,9445.26,137671200
24-Dec-02,9586.26,9593.93,9554.31,9561.63,103219200
23-Dec-02,9640.92,9640.92,9552.07,9570.93,226114000
20-Dec-02,9499.77,9631.53,9478.92,9628.69,225083200
19-Dec-02,9544.90,9590.21,9477.82,9557.86,263977400
18-Dec-02,9652.77,9657.45,9527.49,9548.65,232401400
17-Dec-02,9787.24,9787.64,9682.02,9715.74,225197800
16-Dec-02,9644.64,9677.85,9627.71,9656.46,150167600
13-Dec-02,9743.19,9754.86,9695.74,9728.43,194733600
12-Dec-02,9816.99,9852.57,9772.80,9813.78,167642000
11-Dec-02,9874.93,9884.16,9742.00,9784.57,304184600
10-Dec-02,9763.79,9868.74,9763.79,9857.99,398318000
9-Dec-02,9988.69,9999.39,9821.56,9868.48,528145400
6-Dec-02,9940.60,9978.85,9890.62,9973.75,201891600
5-Dec-02,9997.62,10036.52,9940.25,10009.88,177262400
4-Dec-02,10123.26,10123.26,9941.93,9995.73,400244000
3-Dec-02,10187.85,10246.86,10179.64,10227.01,288807600
2-Dec-02,10107.96,10205.16,10079.51,10205.16,320709200
29-Nov-02,10170.30,10170.30,10061.89,10069.87,324384000
28-Nov-02,10090.43,10168.91,10082.69,10147.84,417455000
27-Nov-02,9912.84,10013.65,9912.02,9944.59,298967400
26-Nov-02,10052.44,10057.76,9976.45,9995.52,225905200
25-Nov-02,10031.33,10118.87,10028.98,10100.77,246009200
22-Nov-02,10112.51,10128.69,10038.01,10065.32,205486600
21-Nov-02,10081.02,10081.02,9989.79,10003.54,214189400
20-Nov-02,9952.45,10011.53,9947.54,9971.15,189936400
19-Nov-02,9882.39,9996.89,9856.95,9965.03,236917600
18-Nov-02,9994.29,10006.07,9843.09,9920.09,250304400
15-Nov-02,9721.86,9885.98,9721.86,9865.65,424897800
14-Nov-02,9644.21,9806.08,9644.21,9740.84,345678000
13-Nov-02,9645.88,9645.88,9533.50,9616.62,200873600
12-Nov-02,9530.46,9650.09,9522.45,9613.84,228389400
11-Nov-02,9699.75,9699.75,9527.83,9580.88,264728400
8-Nov-02,9714.19,9796.47,9708.19,9770.68,313337800
7-Nov-02,9758.66,9880.13,9719.64,9844.38,335469600
6-Nov-02,9788.31,9822.07,9751.68,9773.98,254543000
5-Nov-02,9751.93,9751.93,9606.68,9655.36,193967000
4-Nov-02,9587.97,9739.13,9565.79,9720.83,213267400
1-Nov-02,9467.89,9495.15,9388.35,9407.68,199148800
31-Oct-02,9609.16,9625.72,9418.88,9441.25,174789400
30-Oct-02,9605.64,9652.15,9546.58,9560.46,212661200
29-Oct-02,9799.87,9812.15,9626.99,9634.67,198923400
28-Oct-02,9732.60,9860.87,9730.00,9853.74,208841600
25-Oct-02,9715.67,9728.56,9655.00,9722.54,201148600
24-Oct-02,9774.78,9803.30,9712.90,9787.49,300341400
23-Oct-02,9545.66,9809.51,9545.66,9804.65,398447800
22-Oct-02,9633.51,9656.90,9507.99,9548.94,195717200
21-Oct-02,9593.65,9641.08,9549.09,9570.36,186206800
18-Oct-02,9741.05,9744.64,9603.73,9613.07,426663600
17-Oct-02,9465.61,9598.49,9465.61,9576.15,268242600
16-Oct-02,9515.07,9515.07,9416.82,9459.14,341481400
15-Oct-02,9153.25,9348.68,9131.41,9336.39,403547600
11-Oct-02,8956.33,8990.76,8863.46,8965.73,221067800
10-Oct-02,8808.35,8863.46,8772.48,8858.69,244729400
9-Oct-02,8945.96,8986.01,8876.62,8977.35,222983800
8-Oct-02,8910.08,8989.68,8883.16,8977.41,247068200
7-Oct-02,8844.69,8936.34,8844.11,8931.40,240968000
4-Oct-02,8989.65,9065.52,8971.92,9051.37,236714600
3-Oct-02,9054.57,9106.90,8915.00,8984.32,263433200
2-Oct-02,9227.38,9241.86,9062.49,9109.35,282008800
30-Sep-02,9098.93,9125.93,9046.96,9072.21,221724000
27-Sep-02,9338.66,9368.14,9245.88,9294.46,207134800
26-Sep-02,9251.24,9286.27,9206.90,9270.71,171300600
25-Sep-02,9076.83,9193.81,9014.58,9124.91,205115200
24-Sep-02,9167.76,9213.28,9141.12,9197.68,173091000
23-Sep-02,9295.69,9322.36,9219.08,9314.87,141863400
20-Sep-02,9260.47,9337.86,9210.94,9328.22,220920600
19-Sep-02,9485.55,9511.29,9389.87,9427.79,186647200
18-Sep-02,9517.42,9517.42,9401.49,9474.07,224988400
17-Sep-02,9605.32,9732.33,9563.19,9707.25,296911600
16-Sep-02,9624.84,9639.47,9454.92,9505.13,322838600
13-Sep-02,9773.62,9784.00,9609.77,9650.97,283806000
12-Sep-02,9871.32,9954.82,9807.54,9896.33,170804600
11-Sep-02,9927.73,9946.01,9845.00,9882.35,63873400
10-Sep-02,9762.84,9906.85,9761.10,9885.77,181770400
9-Sep-02,9781.54,9783.44,9672.19,9723.67,165390800
6-Sep-02,9650.94,9750.90,9631.73,9720.86,219272400
5-Sep-02,9823.74,9833.68,9710.29,9726.03,191412400
4-Sep-02,9643.19,9830.45,9629.22,9820.33,247492000
3-Sep-02,9862.39,9873.11,9748.18,9790.68,203358000
2-Sep-02,10039.67,10044.57,9861.87,9896.98,172456200
30-Aug-02,10034.22,10089.69,10004.87,10043.87,164391600
29-Aug-02,10034.18,10075.27,9988.86,10061.15,183778600
28-Aug-02,10130.38,10158.69,10070.28,10130.25,174737600
27-Aug-02,10233.72,10266.76,10125.20,10185.52,105858200
26-Aug-02,10232.88,10263.83,10192.01,10226.33,106866600
23-Aug-02,10472.70,10478.65,10241.18,10245.69,167808000
22-Aug-02,10452.50,10456.61,10367.00,10424.00,155805400
21-Aug-02,10317.72,10409.31,10293.71,10402.26,190580600
20-Aug-02,10390.31,10431.77,10373.51,10408.01,187414000
19-Aug-02,10250.40,10279.25,10166.54,10246.96,126512200
16-Aug-02,10240.60,10299.72,10205.52,10265.04,211214000
15-Aug-02,10123.07,10264.66,10123.07,10219.71,257063800
14-Aug-02,10064.63,10064.63,9883.09,9961.35,195549600
13-Aug-02,9962.58,10132.40,9958.06,10100.06,150937200
12-Aug-02,10039.77,10039.77,9929.38,9959.92,135721200
9-Aug-02,10128.71,10149.90,10007.43,10014.06,173137800
8-Aug-02,9960.68,9997.18,9895.28,9962.24,159974200
7-Aug-02,9883.68,10007.95,9851.28,9977.74,177157600
6-Aug-02,9780.18,9782.89,9632.98,9700.69,228461400
5-Aug-02,9913.08,9976.69,9823.95,9862.33,187999200
2-Aug-02,10026.65,10058.48,9968.92,9991.72,180663400
1-Aug-02,10244.53,10329.05,10175.08,10180.02,173664400
31-Jul-02,10169.28,10290.07,10123.20,10267.36,161412800
30-Jul-02,10240.42,10285.48,10151.61,10155.25,264124400
29-Jul-02,9873.44,9983.04,9829.55,9975.99,170356400
26-Jul-02,9801.59,9894.64,9687.50,9773.12,262142200
25-Jul-02,10143.02,10165.83,9872.29,9884.78,251086200
24-Jul-02,10133.65,10133.65,9912.96,9971.99,268197600
23-Jul-02,9980.29,10322.49,9977.77,10313.89,256211600
22-Jul-02,10166.26,10182.20,10080.12,10110.25,225025400
19-Jul-02,10370.82,10377.40,10280.46,10325.46,186130800
18-Jul-02,10414.58,10461.33,10350.25,10452.55,169213000
17-Jul-02,10336.78,10362.46,10213.02,10335.12,258112800
16-Jul-02,10516.64,10573.07,10399.67,10421.49,182111800
15-Jul-02,10556.50,10597.35,10499.10,10581.66,126480400
12-Jul-02,10582.57,10655.28,10529.92,10648.30,207994200
11-Jul-02,10637.60,10655.23,10482.73,10558.81,268957600
10-Jul-02,10774.35,10829.54,10747.92,10787.54,156649400
9-Jul-02,10831.12,10860.64,10786.37,10843.15,124203000
8-Jul-02,10923.50,10939.56,10766.98,10803.45,153657600
5-Jul-02,10810.39,10845.88,10754.28,10806.16,160907200
4-Jul-02,10578.20,10769.53,10566.55,10765.58,222350200
3-Jul-02,10407.58,10627.07,10407.58,10579.19,198686800
2-Jul-02,10511.12,10511.12,10436.46,10491.76,188748000
28-Jun-02,10615.14,10699.32,10584.03,10598.55,221668200
27-Jun-02,10472.85,10531.51,10411.15,10518.09,269425200
26-Jun-02,10493.13,10493.13,10291.16,10355.92,371785600
25-Jun-02,10633.56,10687.04,10553.54,10608.98,195118400
24-Jun-02,10544.45,10674.52,10509.23,10657.34,190405200
21-Jun-02,10608.94,10639.46,10574.03,10591.86,212587200
20-Jun-02,10668.77,10768.03,10583.28,10754.41,225421000
19-Jun-02,10843.01,10865.04,10612.03,10673.11,310921400
18-Jun-02,10963.37,10983.72,10838.86,10852.04,216380600
17-Jun-02,10871.51,10900.48,10811.62,10832.26,192975200
14-Jun-02,11024.59,11066.75,10940.23,10955.52,196360200
13-Jun-02,11173.77,11191.49,11105.40,11119.33,161168400
12-Jun-02,11167.18,11167.18,11117.30,11147.97,183371000
11-Jun-02,11304.73,11306.43,11176.00,11215.02,179688800
10-Jun-02,11270.10,11326.43,11228.99,11288.84,148036000
7-Jun-02,11274.59,11325.54,11236.19,11284.71,191775800
6-Jun-02,11438.61,11475.19,11345.61,11380.77,167714400
5-Jun-02,11328.52,11407.59,11297.96,11402.38,141821800
4-Jun-02,11279.05,11317.56,11204.86,11312.55,149651000
3-Jun-02,11339.20,11397.37,11282.76,11359.80,176358600
31-May-02,11385.19,11429.06,11260.20,11301.94,302321400
30-May-02,11413.85,11413.85,11268.54,11380.61,228221200
29-May-02,11480.95,11581.67,11404.30,11430.66,248888600
28-May-02,11568.74,11610.97,11544.10,11581.58,135399600
27-May-02,11608.38,11612.53,11526.59,11564.73,188013200
24-May-02,11636.86,11672.99,11595.59,11626.78,218765400
23-May-02,11754.46,11761.68,11586.52,11624.75,313297800
22-May-02,11745.76,11797.85,11698.12,11795.20,166910400
21-May-02,11959.65,12006.92,11687.27,11753.29,307963400
17-May-02,11924.62,12021.72,11867.39,11974.61,321247200
16-May-02,11838.53,11839.57,11762.25,11832.77,184901800
15-May-02,11791.53,11902.71,11738.08,11838.36,258940000
14-May-02,11824.93,11824.93,11662.01,11690.31,163930400
13-May-02,11653.55,11772.93,11650.62,11733.43,199682000
10-May-02,11720.46,11752.96,11630.04,11645.90,201908000
9-May-02,11957.16,11962.10,11677.55,11700.76,336805000
8-May-02,11873.25,11890.72,11699.33,11768.31,278468000
7-May-02,11639.51,11813.90,11591.26,11795.98,272450800
6-May-02,11771.08,11845.10,11671.38,11736.20,247907400
3-May-02,11855.90,11863.62,11729.85,11797.22,450357400
2-May-02,11577.57,11800.83,11577.57,11780.11,433590600
30-Apr-02,11337.89,11497.58,11317.66,11497.58,229571000
29-Apr-02,11329.91,11371.12,11260.88,11361.49,204981200
26-Apr-02,11449.40,11461.59,11348.81,11385.08,269871600
25-Apr-02,11394.04,11439.59,11351.79,11409.29,297909600
24-Apr-02,11362.65,11417.47,11305.65,11396.57,301563200
23-Apr-02,11102.23,11355.11,11102.23,11345.18,360996000
22-Apr-02,11259.04,11301.67,11134.17,11139.42,271805600
19-Apr-02,11166.50,11285.05,11135.04,11252.18,322091600
18-Apr-02,11102.68,11222.39,11070.80,11217.15,347360400
17-Apr-02,10938.69,11090.58,10929.07,11090.58,352621200
16-Apr-02,10745.20,10797.14,10690.47,10788.53,166385800
15-Apr-02,10720.41,10764.48,10697.47,10727.98,139528400
12-Apr-02,10653.82,10717.55,10630.41,10710.48,159124400
11-Apr-02,10748.45,10829.04,10720.66,10744.91,167096400
10-Apr-02,10692.95,10692.95,10610.76,10643.14,201435000
9-Apr-02,10711.08,10791.09,10688.69,10733.69,144606800
8-Apr-02,10833.16,10856.64,10702.44,10723.68,227928200
4-Apr-02,10766.56,10838.22,10747.99,10831.37,170815600
3-Apr-02,10831.23,10853.88,10783.00,10833.96,144433800
2-Apr-02,11032.36,11055.98,10816.73,10878.04,274314600
28-Mar-02,11025.03,11075.40,10972.11,11032.92,214855400
27-Mar-02,10819.85,11022.83,10819.85,10987.88,250625200
26-Mar-02,10781.16,10792.83,10715.05,10786.92,180532500
25-Mar-02,10855.23,10867.02,10785.62,10836.64,201915500
22-Mar-02,10839.87,10919.46,10811.88,10863.07,211526200
21-Mar-02,10950.78,10950.78,10810.90,10829.73,345847200
20-Mar-02,11136.30,11176.59,10996.36,11036.60,254339600
19-Mar-02,11242.25,11302.39,11195.07,11222.83,305416000
18-Mar-02,11224.32,11317.75,11168.32,11230.64,240821200
15-Mar-02,11280.99,11363.71,11150.50,11210.25,230450200
14-Mar-02,11202.86,11333.52,11163.11,11303.70,273105400
13-Mar-02,11214.85,11306.89,11185.51,11217.50,239681400
12-Mar-02,11304.91,11381.85,11242.23,11273.86,275706800
11-Mar-02,11234.53,11334.31,11178.68,11318.87,264341400
8-Mar-02,11201.28,11331.12,11201.28,11233.23,360931800
7-Mar-02,11102.36,11246.31,11102.36,11188.07,483088000
6-Mar-02,10954.75,11040.75,10933.43,11003.00,270688800
5-Mar-02,10883.29,11004.04,10883.29,10985.84,350222000
4-Mar-02,10593.77,10720.12,10561.38,10704.12,279649600
1-Mar-02,10453.88,10473.02,10387.49,10425.31,186683400
28-Feb-02,10660.76,10677.16,10415.65,10482.55,258703600
27-Feb-02,10541.19,10757.11,10524.77,10648.71,268262400
26-Feb-02,10581.79,10667.57,10536.74,10547.13,207615800
25-Feb-02,10679.00,10683.64,10468.95,10496.02,191984600
22-Feb-02,10730.21,10730.21,10579.81,10664.94,155752200
21-Feb-02,10807.93,10871.10,10732.63,10788.90,186403600
20-Feb-02,10777.39,10777.39,10685.38,10749.06,193530200
19-Feb-02,10997.90,10997.90,10794.20,10840.49,167326000
18-Feb-02,10905.49,11007.00,10867.82,11002.81,181042600
15-Feb-02,11005.85,11108.48,10914.71,10961.88,292406600
11-Feb-02,10596.06,10843.26,10596.06,10832.74,184738200
8-Feb-02,10441.19,10526.75,10421.48,10518.99,259185400
7-Feb-02,10556.29,10601.30,10393.83,10409.68,419402800
6-Feb-02,10590.26,10633.12,10542.29,10592.39,238613600
5-Feb-02,10627.85,10636.23,10541.28,10609.19,292116000
4-Feb-02,10680.32,10806.68,10661.13,10721.32,267871800
1-Feb-02,10764.03,10827.39,10673.66,10691.25,192217000
31-Jan-02,10797.99,10953.57,10671.77,10725.30,267648000
30-Jan-02,10895.70,10895.70,10699.94,10756.96,295195000
29-Jan-02,10774.61,11041.82,10744.14,11014.24,378839800
28-Jan-02,10749.08,10891.59,10748.10,10767.46,257612600
25-Jan-02,10789.00,10842.47,10718.27,10772.96,290674000
24-Jan-02,10796.81,10847.53,10690.63,10741.46,199480800
23-Jan-02,10750.98,10793.07,10689.06,10762.14,225157600
22-Jan-02,10991.40,10997.90,10778.78,10797.69,251469600
21-Jan-02,10967.09,11083.17,10941.47,11000.25,213151400
18-Jan-02,11023.79,11065.53,10934.01,10972.96,373829400
17-Jan-02,10888.11,11020.21,10808.00,11013.84,221629000
16-Jan-02,11035.49,11080.55,10910.75,10964.09,194573800
15-Jan-02,11071.49,11071.49,10965.24,11013.59,230468200
14-Jan-02,11081.38,11213.86,11029.22,11209.43,210140000
11-Jan-02,11278.86,11351.75,11085.47,11166.46,316216600
10-Jan-02,11361.09,11361.09,11168.89,11256.07,354783400
9-Jan-02,11711.77,11783.70,11369.63,11440.72,428711600
8-Jan-02,11781.19,11806.25,11678.06,11713.71,279504600
7-Jan-02,11687.43,11905.55,11687.43,11892.64,442387000
4-Jan-02,11547.01,11727.81,11547.01,11702.15,362553600
3-Jan-02,11348.80,11447.00,11348.80,11423.52,274626200
2-Jan-02,11368.13,11368.13,11241.63,11350.85,106074600
31-Dec-01,11431.59,11451.79,11347.79,11397.21,64712600
28-Dec-01,11359.50,11432.29,11309.02,11431.59,148860200
27-Dec-01,11250.05,11415.04,11208.47,11359.50,129996400
24-Dec-01,11189.52,11249.90,11182.45,11209.78,79446000
21-Dec-01,11500.29,11500.29,11122.20,11158.10,277009200
20-Dec-01,11547.92,11639.22,11447.73,11601.14,259933800
19-Dec-01,11523.92,11597.13,11523.92,11565.23,147141600
18-Dec-01,11521.68,11599.57,11391.33,11486.93,189541200
17-Dec-01,11464.38,11576.31,11361.35,11465.78,175376000
14-Dec-01,11497.59,11521.04,11349.51,11466.11,323402200
13-Dec-01,11803.02,11875.03,11515.13,11529.54,349863600
12-Dec-01,11698.71,11865.17,11592.47,11847.06,320961600
11-Dec-01,11756.53,11756.53,11633.22,11693.05,226849200
10-Dec-01,11786.91,11836.21,11709.37,11784.92,237999600
7-Dec-01,11782.47,11848.09,11697.09,11832.18,309706200
6-Dec-01,11818.99,11957.83,11672.55,11745.84,700296400
5-Dec-01,11505.11,11706.09,11505.11,11678.44,544663200
4-Dec-01,11169.26,11429.68,11076.32,11427.28,441430000
3-Dec-01,11253.98,11257.71,11049.15,11155.15,357658600
30-Nov-01,11116.34,11359.12,11116.34,11279.25,407022600
29-Nov-01,10974.66,11120.74,10905.04,11090.74,350880400
28-Nov-01,11225.41,11225.41,11012.47,11066.19,362437400
27-Nov-01,11402.03,11428.49,11216.53,11261.54,269437000
26-Nov-01,11380.00,11525.26,11316.74,11391.96,337983000
23-Nov-01,11289.34,11346.33,11271.03,11322.36,234529600
22-Nov-01,11162.82,11261.77,11114.54,11253.30,270360400
21-Nov-01,11208.28,11311.80,11149.51,11173.92,363374200
20-Nov-01,11347.31,11501.04,11148.26,11225.79,611346400
19-Nov-01,11292.98,11396.36,11292.98,11360.26,288361400
16-Nov-01,11220.12,11393.49,11170.30,11287.37,404935200
15-Nov-01,10958.66,11280.27,10936.71,11239.39,755798400
14-Nov-01,10781.71,10954.74,10781.71,10950.04,380540800
13-Nov-01,10536.59,10713.61,10462.02,10662.84,215009000
12-Nov-01,10618.07,10699.54,10541.02,10592.45,239130600
9-Nov-01,10516.46,10716.55,10465.67,10609.25,403177400
8-Nov-01,10295.96,10594.55,10280.86,10538.62,413372800
7-Nov-01,10419.24,10454.69,10216.51,10269.79,257144400
6-Nov-01,10528.17,10556.72,10303.06,10356.05,265733600
5-Nov-01,10202.30,10434.78,10165.51,10430.72,244442600
2-Nov-01,10238.10,10333.88,10097.64,10186.06,251110800
1-Nov-01,10110.92,10189.56,10107.09,10158.85,203404400
31-Oct-01,10025.82,10091.65,9945.54,10073.97,222865600
30-Oct-01,10064.07,10139.71,9927.41,10076.43,250693600
29-Oct-01,10406.93,10406.93,10079.03,10178.09,294616600
26-Oct-01,10330.44,10475.19,10330.44,10404.74,346798600
25-Oct-01,10243.46,10243.46,10243.46,10243.46,0
24-Oct-01,10231.39,10280.09,10158.73,10243.46,287418600
23-Oct-01,9935.90,10224.12,9935.90,10219.84,344018800
22-Oct-01,9832.11,9874.39,9758.98,9797.54,236566000
19-Oct-01,9894.42,9948.00,9801.63,9825.84,297211400
18-Oct-01,10101.90,10101.90,9817.92,9880.61,365696000
17-Oct-01,10118.14,10331.82,10091.94,10260.81,414838800
16-Oct-01,10164.64,10229.16,10056.83,10148.49,192816600
15-Oct-01,10195.64,10232.07,10081.28,10130.59,275161200
12-Oct-01,10614.69,10614.69,10243.68,10274.13,388528000
11-Oct-01,10475.36,10638.58,10475.36,10522.61,398527200
10-Oct-01,10335.57,10425.38,10184.60,10298.24,370696800
9-Oct-01,10053.88,10361.97,10053.88,10358.93,409534200
8-Oct-01,10153.56,10153.56,9904.93,9967.83,511535600
5-Oct-01,10221.76,10315.01,10120.28,10277.38,576213400
4-Oct-01,10082.75,10293.64,10082.75,10286.39,358779000
3-Oct-01,9995.22,10098.69,9883.76,9897.14,333197400
28-Sep-01,9682.35,9959.35,9663.08,9950.70,320775600
27-Sep-01,9387.80,9602.35,9302.00,9600.79,296667600
26-Sep-01,9307.76,9416.95,9251.31,9371.75,390860600
25-Sep-01,9411.35,9440.27,9166.12,9210.06,367545800
24-Sep-01,8971.47,9292.27,8971.47,9284.50,442181500
21-Sep-01,9039.65,9039.65,8894.36,8934.20,519940400
20-Sep-01,9415.10,9415.10,9249.16,9317.98,284966400
19-Sep-01,9402.65,9560.94,9377.56,9558.15,333256200
18-Sep-01,9509.08,9608.51,9224.05,9307.90,0
17-Sep-01,9397.24,9411.65,9251.71,9319.35,0
14-Sep-01,9622.86,9696.44,9478.67,9655.45,0
13-Sep-01,9565.47,9700.80,9548.42,9569.21,0
12-Sep-01,9687.38,9704.18,9170.24,9493.62,0
11-Sep-01,10352.63,10427.29,10272.25,10417.36,0
10-Sep-01,10227.47,10413.51,10177.51,10366.32,367156400
7-Sep-01,10556.18,10556.18,10346.88,10384.20,399700800
6-Sep-01,10929.28,10932.22,10652.04,10664.32,239079600
5-Sep-01,11053.65,11053.65,10859.75,10943.14,206642600
4-Sep-01,10941.95,11180.79,10772.10,11136.86,303746000
3-Sep-01,11058.80,11071.73,10897.84,10902.64,185143200
31-Aug-01,11204.47,11229.77,11003.95,11090.48,265702000
30-Aug-01,11241.63,11335.16,11115.44,11315.63,246490800
29-Aug-01,11228.86,11258.27,11173.80,11242.41,188285800
28-Aug-01,11213.66,11372.29,11046.82,11300.53,179275400
27-Aug-01,11307.18,11342.93,11212.83,11234.72,145020400
24-Aug-01,11372.40,11372.40,11049.45,11110.30,241046000
23-Aug-01,11259.02,11370.08,11220.11,11345.38,215469200
22-Aug-01,11339.52,11365.61,11161.51,11188.57,272482800
21-Aug-01,11495.21,11512.28,11363.82,11440.35,225189800
20-Aug-01,11573.46,11573.46,11375.46,11458.70,256960200
17-Aug-01,11713.40,11809.76,11643.84,11754.81,330698600
16-Aug-01,12071.71,12195.08,11827.02,11832.44,422805600
15-Aug-01,12031.09,12156.88,11897.47,12141.63,191067400
14-Aug-01,11718.19,12007.76,11718.19,11991.01,172713800
13-Aug-01,11779.46,11779.86,11624.99,11694.29,137231600
10-Aug-01,11746.85,11794.48,11662.82,11765.81,148634200
9-Aug-01,11822.26,11822.26,11605.04,11716.77,231948800
8-Aug-01,12035.98,12082.18,11942.78,11958.01,178200800
7-Aug-01,12260.23,12260.23,11924.96,12007.19,208445200
6-Aug-01,12255.53,12255.53,12091.21,12148.81,141753200
3-Aug-01,12487.99,12515.50,12256.78,12269.08,168728800
2-Aug-01,12493.43,12544.64,12438.50,12466.37,194471600
1-Aug-01,12376.31,12481.89,12277.88,12478.74,243126000
31-Jul-01,12125.96,12317.12,12125.96,12316.69,227109800
30-Jul-01,12103.56,12110.77,12007.67,12086.66,153086200
27-Jul-01,12069.53,12191.67,12069.53,12182.17,124388600
26-Jul-01,12195.95,12229.59,12003.16,12039.82,221039000
24-Jul-01,12213.93,12238.71,12137.32,12214.10,139913800
23-Jul-01,12232.75,12257.58,12171.93,12236.45,166057200
20-Jul-01,12305.12,12359.62,12238.02,12301.68,147662000
19-Jul-01,12376.44,12381.41,12191.57,12279.82,204987000
18-Jul-01,12480.91,12554.19,12338.94,12427.19,134535000
17-Jul-01,12591.29,12591.29,12433.18,12495.25,139890800
16-Jul-01,12663.46,12692.09,12582.01,12624.53,113928800
13-Jul-01,12779.72,12820.85,12518.19,12612.79,211230200
12-Jul-01,12533.39,12693.30,12533.39,12660.20,174767800
11-Jul-01,12625.45,12625.45,12457.51,12527.90,195057600
10-Jul-01,12701.14,12731.97,12634.99,12713.90,134407800
9-Jul-01,12768.62,12768.62,12583.33,12690.68,257038800
5-Jul-01,13209.36,13236.98,12986.59,12999.48,0
4-Jul-01,13201.78,13208.75,13090.46,13207.53,0
3-Jul-01,13068.30,13198.19,13068.30,13184.75,0
29-Jun-01,12966.68,13088.75,12966.68,13042.53,0
28-Jun-01,12967.68,12967.68,12787.01,12827.82,0
27-Jun-01,12956.17,13019.99,12890.62,13004.21,0
26-Jun-01,13142.43,13142.43,12942.56,12961.97,0
22-Jun-01,13193.13,13243.34,13126.98,13174.02,0
21-Jun-01,13024.28,13253.34,12977.40,13187.45,0
20-Jun-01,13127.83,13127.83,12895.82,12918.71,0
19-Jun-01,12980.06,13149.89,12900.66,13133.66,0
18-Jun-01,13092.77,13092.77,12891.20,12948.78,0
15-Jun-01,13132.14,13135.69,12949.07,13102.50,0
14-Jun-01,13511.82,13519.24,13223.10,13248.89,0
13-Jun-01,13515.54,13598.18,13429.23,13523.31,0
12-Jun-01,13628.21,13628.21,13443.66,13526.68,0
11-Jun-01,13748.43,13846.33,13628.31,13675.49,0
8-Jun-01,13716.97,13900.68,13716.97,13808.89,0
7-Jun-01,13537.70,13714.65,13478.74,13703.43,0
6-Jun-01,13490.89,13670.83,13490.89,13576.01,0
5-Jun-01,13232.22,13482.89,13146.72,13451.87,0
4-Jun-01,13167.02,13272.10,13167.02,13207.49,0
1-Jun-01,13244.10,13282.86,13121.21,13141.38,0
31-May-01,13310.42,13310.42,13091.51,13174.41,0
30-May-01,13567.54,13567.54,13348.40,13420.13,0
29-May-01,13739.07,13767.45,13506.45,13629.61,0
28-May-01,13738.07,13756.81,13674.73,13739.07,0
25-May-01,13853.50,13956.69,13732.89,13753.99,0
24-May-01,13770.01,13813.26,13649.71,13810.60,0
23-May-01,13873.22,13989.16,13798.32,13839.10,0
22-May-01,13775.35,13929.47,13775.35,13877.95,0
21-May-01,13465.72,13732.40,13465.72,13721.27,0
18-May-01,13631.40,13631.40,13449.04,13459.18,0
17-May-01,13550.78,13713.06,13550.78,13637.87,0
16-May-01,13257.77,13566.38,13228.92,13335.95,0
15-May-01,13232.76,13350.59,13209.55,13250.09,0
14-May-01,13608.84,13608.84,13239.15,13259.17,0
11-May-01,13602.15,13689.68,13579.21,13636.61,0
10-May-01,13540.87,13726.45,13462.24,13604.80,0
9-May-01,13527.00,13643.49,13408.99,13585.14,0
8-May-01,13599.63,13599.63,13445.98,13540.81,0
7-May-01,13464.34,13652.15,13437.02,13600.78,0
4-May-01,13599.47,13599.47,13319.39,13390.99,0
3-May-01,13768.57,13844.36,13646.22,13718.14,0
2-May-01,13596.27,13841.41,13596.27,13814.24,0
27-Apr-01,13282.34,13391.47,13125.36,13386.04,0
26-Apr-01,13324.55,13408.70,13237.18,13293.11,0
25-Apr-01,13275.59,13346.20,13139.09,13249.55,0
24-Apr-01,13250.89,13279.33,13157.40,13274.61,0
23-Apr-01,13444.41,13444.41,13282.96,13311.50,0
20-Apr-01,13570.69,13570.69,13412.29,13448.13,0
19-Apr-01,13446.06,13621.80,13425.56,13548.95,0
18-Apr-01,12761.41,12988.15,12761.41,12972.80,0
17-Apr-01,12881.52,12881.52,12597.36,12606.45,0
12-Apr-01,12778.66,13018.57,12769.25,12989.47,0
11-Apr-01,12429.88,12728.60,12429.88,12706.43,0
10-Apr-01,12263.59,12321.51,12110.00,12213.67,0
9-Apr-01,12355.61,12355.61,12061.55,12202.10,0
6-Apr-01,12446.24,12606.15,12374.53,12386.61,0
4-Apr-01,12427.79,12427.79,12062.84,12063.71,0
3-Apr-01,12688.22,12688.22,12532.53,12584.22,0
2-Apr-01,12750.31,12843.90,12634.28,12727.30,0
30-Mar-01,12689.11,12802.52,12578.36,12760.64,0
29-Mar-01,12729.79,12768.67,12523.61,12677.89,0
28-Mar-01,12824.22,13015.73,12779.34,12851.41,0
27-Mar-01,12959.54,13056.32,12662.57,12707.90,0
26-Mar-01,12678.90,12991.88,12678.90,12950.49,0
23-Mar-01,12570.45,12705.12,12396.97,12583.36,0
22-Mar-01,12992.29,12992.29,12585.77,12621.85,0
21-Mar-01,13160.37,13243.65,12866.40,13154.44,0
20-Mar-01,13516.85,13565.97,13200.55,13223.86,0
19-Mar-01,13383.81,13537.75,13308.41,13457.69,0
16-Mar-01,13506.73,13560.31,13321.08,13522.04,0
15-Mar-01,13056.93,13553.22,12947.59,13504.17,0
14-Mar-01,13485.75,13616.68,13306.94,13330.84,0
13-Mar-01,13419.92,13517.08,13277.52,13493.03,0
12-Mar-01,13969.05,13969.05,13671.99,13776.72,0
9-Mar-01,14216.99,14288.58,14148.73,14194.35,0
8-Mar-01,14177.86,14247.17,13966.97,14208.95,0
7-Mar-01,14369.50,14432.22,14141.41,14177.36,0
6-Mar-01,14229.17,14346.69,14165.66,14321.05,0
5-Mar-01,14011.30,14200.90,13908.07,14135.26,0
2-Mar-01,14285.30,14285.30,13951.43,13966.43,0
1-Mar-01,14696.47,14696.47,14330.57,14360.56,0
28-Feb-01,14702.96,14842.69,14573.54,14787.87,0
27-Feb-01,14933.59,15059.17,14771.09,14834.73,0
26-Feb-01,15278.15,15304.66,15177.80,15230.22,0
23-Feb-01,15135.30,15302.70,15042.81,15280.56,0
22-Feb-01,15202.16,15202.16,15039.08,15098.64,0
21-Feb-01,15484.35,15484.35,15298.75,15351.51,0
20-Feb-01,15499.02,15613.44,15437.51,15527.36,0
19-Feb-01,15552.94,15573.74,15458.43,15490.96,0
16-Feb-01,15777.40,15813.15,15544.62,15630.31,0
15-Feb-01,15865.47,15870.98,15714.77,15756.37,0
14-Feb-01,15821.79,16021.22,15750.96,15860.42,0
13-Feb-01,15801.69,15915.06,15792.76,15842.72,0
12-Feb-01,15807.64,15807.64,15586.46,15693.11,0
9-Feb-01,15882.93,15899.24,15782.88,15873.28,0
8-Feb-01,15987.57,15987.57,15794.44,15909.40,0
7-Feb-01,15909.02,16060.32,15871.38,16049.47,0
6-Feb-01,15864.47,15936.48,15819.64,15913.24,0
5-Feb-01,16013.46,16013.46,15753.97,15830.84,0
2-Feb-01,16165.43,16274.67,16056.20,16071.29,0
1-Feb-01,16055.64,16193.17,15913.07,16163.99,0
31-Jan-01,15916.42,16106.71,15905.51,16102.35,0
30-Jan-01,16145.28,16167.95,15877.23,15893.07,0
29-Jan-01,16176.10,16255.11,15980.51,16099.82,0
23-Jan-01,16053.22,16099.06,15940.26,16044.21,0
22-Jan-01,15967.66,16106.16,15906.58,16099.27,0
19-Jan-01,15682.35,15964.93,15682.35,15933.55,0
18-Jan-01,15292.84,15553.51,15292.84,15528.75,0
17-Jan-01,15409.38,15451.39,15154.02,15261.48,0
16-Jan-01,15290.70,15430.95,15241.90,15363.15,0
15-Jan-01,15288.81,15388.02,15146.65,15293.76,0
12-Jan-01,15157.37,15330.15,15157.37,15295.42,0
11-Jan-01,15441.30,15481.76,15060.81,15090.77,0
10-Jan-01,15395.97,15539.30,15327.70,15435.79,0
9-Jan-01,15438.30,15555.97,15336.62,15500.59,0
8-Jan-01,15328.12,15451.72,15200.52,15436.53,0
5-Jan-01,15354.16,15494.56,15275.90,15447.61,0
4-Jan-01,15060.60,15312.61,15060.60,15235.03,0
3-Jan-01,14751.33,14751.33,14512.71,14589.58,0
2-Jan-01,15089.85,15089.85,14865.66,14869.94,0
29-Dec-00,14864.04,15154.92,14785.01,15095.53,0
28-Dec-00,14785.15,14900.14,14737.95,14796.55,0
27-Dec-00,14811.95,14941.23,14727.45,14748.36,0
22-Dec-00,14730.51,14851.86,14707.75,14738.21,0
21-Dec-00,14775.97,14775.97,14476.79,14659.32,0
20-Dec-00,15048.51,15048.51,14839.49,14930.72,0
19-Dec-00,15074.36,15192.22,15014.77,15188.04,0
18-Dec-00,14901.43,15039.46,14766.85,15024.53,0
15-Dec-00,15290.60,15290.60,14914.05,14975.53,0
14-Dec-00,15543.85,15597.63,15441.58,15496.99,0
13-Dec-00,14986.08,15637.78,14986.08,15621.73,0
12-Dec-00,15498.45,15548.26,15319.84,15329.60,0
11-Dec-00,15274.07,15438.89,15193.49,15408.54,0
8-Dec-00,15008.80,15281.81,14968.64,15189.33,0
7-Dec-00,14982.92,15032.27,14839.38,15011.52,0
6-Dec-00,14914.54,15178.27,14914.54,15098.95,0
5-Dec-00,14602.25,14701.98,14507.50,14573.21,0
4-Dec-00,14470.49,14632.07,14403.38,14559.24,0
1-Dec-00,14026.21,14522.39,13920.11,14441.43,0
30-Nov-00,14130.48,14289.12,13894.19,13984.39,0
29-Nov-00,14336.83,14353.92,14133.85,14169.06,0
28-Nov-00,14550.28,14691.07,14492.59,14566.22,0
27-Nov-00,14491.37,14669.25,14354.62,14602.76,0
24-Nov-00,14585.19,14647.61,14353.98,14376.90,0
23-Nov-00,14416.68,14579.90,14257.54,14563.51,0
22-Nov-00,15168.81,15246.61,14730.43,14772.51,0
21-Nov-00,15185.90,15212.80,15013.82,15188.30,0
20-Nov-00,15154.04,15379.39,15140.01,15346.66,0
17-Nov-00,15192.63,15218.02,15057.42,15180.85,0
16-Nov-00,15132.57,15319.21,15087.48,15298.35,0
15-Nov-00,15368.85,15473.76,15084.66,15127.40,0
14-Nov-00,14827.20,15186.26,14825.99,15177.52,0
13-Nov-00,15078.75,15078.75,14802.48,14815.69,0
10-Nov-00,15458.42,15544.83,15324.13,15389.39,0
9-Nov-00,15473.58,15623.78,15404.58,15504.80,0
8-Nov-00,15779.57,16023.41,15631.14,15654.13,0
7-Nov-00,15691.76,15837.62,15531.30,15820.79,0
6-Nov-00,15625.43,15779.73,15593.04,15671.15,0
3-Nov-00,15486.41,15693.03,15449.12,15594.12,0
2-Nov-00,15292.59,15524.03,15223.99,15291.54,0
1-Nov-00,14943.43,15387.08,14942.61,15349.01,0
31-Oct-00,14791.42,15090.60,14729.21,14895.34,0
30-Oct-00,14936.19,14958.97,14763.68,14799.90,0
27-Oct-00,15065.09,15182.63,14820.99,14902.46,0
26-Oct-00,14904.29,15166.22,14764.50,14996.24,0
25-Oct-00,14987.36,15152.58,14980.04,15061.14,0
24-Oct-00,15125.83,15209.34,14885.65,14925.93,0
23-Oct-00,15038.25,15161.03,14864.83,15102.36,0
20-Oct-00,14822.43,15105.45,14822.43,15044.53,0
19-Oct-00,14352.42,14422.52,14107.74,14422.52,0
18-Oct-00,14751.94,14751.94,14356.06,14458.52,0
17-Oct-00,15081.76,15134.53,14794.81,14873.43,0
16-Oct-00,15185.68,15284.65,14956.88,14973.40,0
13-Oct-00,14679.99,14786.04,14494.38,14680.50,0
12-Oct-00,15071.92,15244.65,14883.32,15074.80,0
11-Oct-00,15376.62,15376.62,15073.95,15127.00,0
10-Oct-00,15739.39,15739.39,15434.74,15554.11,0
9-Oct-00,16046.88,16057.40,15668.50,15693.50,0
5-Oct-00,16054.58,16245.61,16014.92,16184.68,0
4-Oct-00,15670.53,15917.57,15582.84,15878.89,0
3-Oct-00,15586.03,15728.42,15469.39,15725.96,0
29-Sep-00,15632.99,15772.56,15574.79,15648.98,0
28-Sep-00,15464.56,15660.47,15328.02,15415.75,0
27-Sep-00,15074.31,15489.30,14978.59,15444.13,0
26-Sep-00,15304.68,15426.32,15152.87,15290.85,0
25-Sep-00,14894.09,15448.99,14894.09,15428.95,0
22-Sep-00,14966.77,14966.77,14538.88,14612.88,0
21-Sep-00,15444.68,15447.92,15092.49,15164.45,0
20-Sep-00,15757.64,15874.63,15572.58,15665.62,0
19-Sep-00,15353.82,15764.84,15091.41,15677.20,0
18-Sep-00,16010.69,16010.69,15525.46,15560.16,0
15-Sep-00,16381.70,16510.68,16195.69,16249.53,0
14-Sep-00,16542.92,16623.10,16322.58,16395.43,0
12-Sep-00,16941.53,16941.53,16541.69,16629.78,0
11-Sep-00,17199.28,17199.28,16924.73,17007.98,0
8-Sep-00,17441.26,17512.31,17228.52,17275.45,0
7-Sep-00,17557.03,17609.32,17418.10,17431.95,0
6-Sep-00,17586.23,17735.10,17525.11,17605.23,0
5-Sep-00,17753.50,17803.20,17556.05,17595.22,0
4-Sep-00,17421.34,17787.60,17421.34,17726.17,0
1-Sep-00,17210.33,17391.01,17210.33,17333.61,0
31-Aug-00,17070.63,17263.01,16957.23,17097.51,0
30-Aug-00,17211.35,17302.63,16929.64,17095.88,0
29-Aug-00,17062.01,17390.48,17062.01,17240.11,0
28-Aug-00,17220.79,17265.78,17015.02,17019.76,0
25-Aug-00,17348.12,17441.30,17058.34,17236.74,0
24-Aug-00,17463.33,17548.53,17331.70,17439.70,0
23-Aug-00,17709.08,17785.08,17386.87,17427.40,0
22-Aug-00,17568.11,17724.82,17481.64,17668.28,0
21-Aug-00,17432.42,17596.31,17334.93,17501.48,0
18-Aug-00,17698.36,17717.77,17359.01,17440.00,0
17-Aug-00,17710.43,17784.65,17560.24,17622.01,0
16-Aug-00,17440.43,17794.32,17408.18,17734.15,0
15-Aug-00,17029.72,17536.42,17029.72,17463.53,0
14-Aug-00,17245.34,17296.20,16945.44,16998.06,0
11-Aug-00,17363.61,17363.61,17144.66,17214.42,0
10-Aug-00,17234.58,17417.89,17149.69,17333.21,0
9-Aug-00,17306.19,17446.67,16951.04,17181.99,0
8-Aug-00,17728.41,17759.59,17179.75,17211.84,0
7-Aug-00,17538.81,17761.95,17538.81,17727.25,0
4-Aug-00,17330.59,17555.20,17330.59,17425.70,0
3-Aug-00,17272.44,17379.66,17171.84,17274.28,0
2-Aug-00,16899.22,17322.20,16866.15,17277.39,0
1-Aug-00,17014.44,17133.09,16787.46,16897.45,0
31-Jul-00,16977.70,16981.83,16729.98,16840.98,0
28-Jul-00,17429.73,17429.73,16994.37,17183.93,0
27-Jul-00,17442.11,17463.29,17285.87,17450.09,0
26-Jul-00,17476.42,17730.09,17476.42,17620.23,0
25-Jul-00,17574.32,17574.32,17306.89,17375.34,0
24-Jul-00,17866.28,18028.65,17638.55,17659.69,0
21-Jul-00,18022.81,18125.57,17765.49,17920.86,0
20-Jul-00,17702.69,17818.56,17518.69,17758.51,0
19-Jul-00,17462.12,17730.57,17388.63,17710.07,0
18-Jul-00,17766.46,17766.46,17404.05,17440.83,0
17-Jul-00,17736.62,17913.48,17729.99,17834.78,0
14-Jul-00,17508.62,17643.81,17372.63,17586.16,0
13-Jul-00,17808.70,17834.95,17413.27,17449.50,0
12-Jul-00,17466.98,17667.49,17451.62,17552.26,0
11-Jul-00,17259.95,17380.59,17126.45,17359.66,0
10-Jul-00,17024.46,17274.02,17024.46,17238.67,0
7-Jul-00,16631.86,16861.58,16565.39,16829.96,0
6-Jul-00,16396.08,16681.34,16365.66,16489.59,0
5-Jul-00,16275.33,16540.64,16275.33,16474.27,0
4-Jul-00,16131.77,16242.30,16086.26,16235.76,0
3-Jul-00,16177.06,16179.90,15928.92,16124.97,0
30-Jun-00,16142.35,16310.05,16015.52,16155.78,0
29-Jun-00,16474.40,16534.48,16226.56,16286.80,0
28-Jun-00,16202.16,16511.24,16132.53,16438.42,0
27-Jun-00,16147.14,16274.23,16031.58,16155.77,0
26-Jun-00,15726.12,16048.69,15644.61,15978.91,0
23-Jun-00,15827.28,15904.39,15667.35,15738.08,0
22-Jun-00,16227.47,16266.46,15860.97,15952.36,0
21-Jun-00,16071.19,16338.91,15935.53,16238.14,0
20-Jun-00,16467.14,16525.02,15968.66,16086.74,0
19-Jun-00,16332.69,16364.21,16168.79,16267.47,0
16-Jun-00,16088.74,16483.91,16002.28,16434.38,0
15-Jun-00,15941.82,16222.51,15894.70,16080.34,0
14-Jun-00,15761.43,15887.78,15621.30,15857.07,0
13-Jun-00,15947.87,15947.87,15657.82,15692.94,0
12-Jun-00,16125.75,16250.64,16047.52,16055.05,0
9-Jun-00,15841.19,16154.80,15723.33,16120.26,0
8-Jun-00,15912.21,15980.94,15786.36,15876.93,0
7-Jun-00,15782.87,16033.87,15668.12,15900.06,0
5-Jun-00,15643.79,15971.24,15643.79,15861.68,0
2-Jun-00,15165.58,15344.13,15142.95,15284.10,0
1-Jun-00,14652.90,15002.53,14652.90,14941.19,0
31-May-00,14438.39,14913.25,14438.39,14713.86,0
30-May-00,14044.04,14181.49,13734.60,13990.90,0
29-May-00,13735.07,14024.15,13606.19,13975.07,0
26-May-00,13845.44,13845.44,13596.63,13722.70,0
25-May-00,14082.05,14250.71,13852.86,13921.06,0
24-May-00,14115.54,14115.54,13878.63,13933.98,0
23-May-00,14117.13,14311.70,13980.94,14257.18,0
22-May-00,14278.51,14278.51,13981.44,14140.73,0
19-May-00,14338.75,14699.42,14166.36,14478.26,0
18-May-00,14688.74,14688.74,14210.49,14322.60,0
17-May-00,15293.26,15293.26,14721.40,14827.81,0
16-May-00,14961.52,15184.33,14806.26,15160.29,0
15-May-00,15117.75,15165.69,14835.80,14881.30,0
12-May-00,14438.67,15168.48,14288.33,15111.94,0
10-May-00,14652.66,14681.06,14380.78,14492.92,0
9-May-00,14854.64,14854.64,14644.61,14776.90,0
8-May-00,15337.66,15443.33,14827.36,14901.00,0
5-May-00,15298.57,15328.98,15173.20,15268.64,0
4-May-00,15438.96,15438.96,15171.11,15314.07,0
3-May-00,15695.09,15695.09,15511.74,15577.47,0
2-May-00,15751.03,15912.27,15654.42,15817.76,0
28-Apr-00,15291.06,15541.37,15291.06,15519.30,0
27-Apr-00,15225.17,15253.52,15068.66,15192.87,0
26-Apr-00,15581.45,15629.52,15140.35,15227.39,0
25-Apr-00,15335.89,15531.21,15212.92,15380.01,0
20-Apr-00,15425.82,15453.65,15213.02,15367.14,0
19-Apr-00,15558.52,15667.16,15338.10,15427.20,0
18-Apr-00,15158.15,15409.67,15158.15,15278.32,0
17-Apr-00,15306.05,15306.05,14624.33,14762.37,0
14-Apr-00,16254.26,16270.77,15906.29,16142.76,0
13-Apr-00,16345.26,16470.38,16043.85,16352.56,0
12-Apr-00,16391.12,16762.86,16267.72,16577.09,0
11-Apr-00,16683.40,16683.40,16422.27,16487.66,0
10-Apr-00,17038.22,17083.27,16676.07,16850.74,0
7-Apr-00,16657.84,16992.53,16657.84,16941.68,0
6-Apr-00,16416.48,16528.58,16283.20,16491.39,0
5-Apr-00,16599.07,16736.22,16246.53,16318.44,0
3-Apr-00,17444.48,17458.06,16872.82,16892.93,0
31-Mar-00,17383.63,17537.13,17107.44,17406.54,0
30-Mar-00,18011.14,18038.47,17456.56,17467.15,0
29-Mar-00,18203.13,18249.27,17950.20,18096.37,0
28-Mar-00,18272.80,18397.57,18188.27,18301.69,0
27-Mar-00,17827.71,18350.61,17815.68,18292.86,0
24-Mar-00,17768.06,17879.37,17577.71,17784.57,0
23-Mar-00,17705.26,17856.36,17391.97,17715.58,0
22-Mar-00,17418.91,17560.69,17274.56,17547.04,0
21-Mar-00,17253.04,17345.71,16896.70,17199.98,0
20-Mar-00,16878.81,17325.15,16708.72,17234.46,0
17-Mar-00,16688.04,17096.00,16617.18,17082.99,0
16-Mar-00,16775.23,16826.25,16315.04,16359.00,0
15-Mar-00,16847.30,16901.31,16553.17,16747.20,0
14-Mar-00,17125.90,17220.26,16837.02,16929.16,0
13-Mar-00,17650.62,17786.28,16892.65,17096.68,0
10-Mar-00,17727.96,18001.54,17574.06,17831.86,0
9-Mar-00,18031.78,18249.86,17613.80,17637.03,0
8-Mar-00,17687.58,18058.97,17323.76,17951.43,0
7-Mar-00,17656.47,17876.78,17471.74,17865.36,0
6-Mar-00,17500.97,17855.21,17500.97,17758.76,0
3-Mar-00,16903.55,17361.92,16795.80,17285.24,0
2-Mar-00,16996.06,17118.40,16769.57,16936.81,0
1-Mar-00,17267.27,17275.44,16617.95,16843.59,0
29-Feb-00,17140.21,17290.07,17021.72,17169.44,0
28-Feb-00,17434.72,17746.77,16638.46,16984.44,0
25-Feb-00,17279.51,17414.46,16905.40,17200.98,0
24-Feb-00,16512.57,17083.30,16512.57,17058.66,0
23-Feb-00,16313.96,16523.65,16297.13,16376.79,0
22-Feb-00,16294.94,16442.58,15776.35,16255.17,0
21-Feb-00,16412.63,16477.10,16136.50,16322.37,0
18-Feb-00,16985.30,17027.95,16468.95,16599.16,0
17-Feb-00,17075.90,17229.15,16770.14,16981.23,0
16-Feb-00,16771.10,17144.95,16732.81,17043.39,0
15-Feb-00,17257.37,17296.97,16548.75,16688.16,0
14-Feb-00,17546.47,17939.27,17107.90,17188.96,0
11-Feb-00,17024.37,17653.65,17024.37,17380.30,0
10-Feb-00,16679.79,16874.09,16525.56,16845.17,0
9-Feb-00,16456.87,16967.90,16456.87,16819.46,0
8-Feb-00,16079.89,16285.93,15940.31,16228.73,0
3-Feb-00,15795.59,16010.03,15702.85,15968.12,0
2-Feb-00,15747.56,15957.92,15747.56,15789.82,0
1-Feb-00,15600.26,15764.40,15580.46,15653.86,0
31-Jan-00,15889.05,15889.05,15444.82,15532.34,0
28-Jan-00,16052.07,16315.74,16023.37,16185.94,0
27-Jan-00,15460.21,15925.18,15460.21,15917.81,0
26-Jan-00,15164.80,15452.72,15164.80,15427.72,0
25-Jan-00,15093.53,15150.22,14910.29,15103.04,0
24-Jan-00,15233.79,15413.75,15020.17,15167.55,0
21-Jan-00,15094.90,15120.36,14903.70,15108.41,0
20-Jan-00,15347.70,15347.70,15078.03,15215.31,0
19-Jan-00,15719.04,15719.04,15192.28,15275.34,0
18-Jan-00,15575.68,15801.07,15508.08,15789.20,0
17-Jan-00,15666.06,15827.51,15474.39,15574.56,0
14-Jan-00,15741.54,15863.48,15322.19,15542.23,0
13-Jan-00,15763.26,15861.17,15458.63,15633.96,0
12-Jan-00,15691.73,15744.04,15545.67,15714.20,0
11-Jan-00,15981.13,16196.09,15736.17,15862.10,0
10-Jan-00,15631.00,16065.09,15631.00,15848.15,0
7-Jan-00,15329.34,15513.89,15108.75,15405.63,0
6-Jan-00,15942.07,15971.03,14763.97,15153.23,0
5-Jan-00,16608.55,16608.55,15688.49,15846.72,0
4-Jan-00,17303.00,17303.00,16933.52,17072.82,0
3-Jan-00,17057.70,17426.16,17057.70,17369.63,0
30-Dec-99,16772.95,17050.40,16737.90,16962.10,0
29-Dec-99,16997.86,17138.11,16577.07,16660.82,0
28-Dec-99,16820.87,16979.44,16810.87,16928.29,0
24-Dec-99,16404.46,16833.28,16404.46,16833.28,0
23-Dec-99,16216.97,16336.50,16166.15,16296.08,0
22-Dec-99,16323.29,16437.86,16137.60,16192.40,0
21-Dec-99,16228.52,16334.89,15964.71,16248.74,0
20-Dec-99,15999.99,16260.77,15885.22,16212.39,0
17-Dec-99,15737.49,16003.24,15737.49,15986.35,0
16-Dec-99,15814.58,15821.98,15512.30,15571.36,0
15-Dec-99,16277.10,16277.10,15785.34,15825.31,0
14-Dec-99,16508.19,16516.37,16121.56,16282.70,0
13-Dec-99,16505.35,16635.52,16349.45,16442.11,0
10-Dec-99,16386.54,16495.36,16321.82,16380.21,0
9-Dec-99,15963.68,16455.01,15941.77,16370.95,0
8-Dec-99,16040.38,16046.12,15833.11,15989.38,0
7-Dec-99,16190.96,16237.51,15952.58,16073.09,0
6-Dec-99,15952.76,16168.62,15873.54,16168.62,0
3-Dec-99,15635.44,15875.96,15519.10,15840.41,0
2-Dec-99,15532.41,15655.15,15369.39,15603.04,0
1-Dec-99,15277.31,15519.61,15146.03,15422.52,0
30-Nov-99,15504.31,15640.54,15173.20,15377.19,0
29-Nov-99,15255.68,15581.96,15255.68,15461.11,0
26-Nov-99,15023.09,15339.39,15023.09,15274.53,0
25-Nov-99,15121.27,15308.47,14903.43,14998.77,0
24-Nov-99,15328.93,15460.15,15113.65,15307.28,0
23-Nov-99,15339.97,15521.47,15024.83,15393.20,0
22-Nov-99,15075.78,15323.30,15057.29,15285.03,0
19-Nov-99,14745.46,15127.14,14745.46,15073.10,0
18-Nov-99,14723.30,14783.80,14606.54,14721.74,0
17-Nov-99,14997.21,15072.65,14604.91,14704.48,0
16-Nov-99,14619.42,14726.65,14491.39,14689.46,0
15-Nov-99,14251.29,14634.99,14251.29,14562.22,0
12-Nov-99,14110.83,14268.39,13977.95,14189.67,0
11-Nov-99,14053.47,14217.36,13916.14,14105.71,0
10-Nov-99,13734.41,14005.26,13734.41,13975.54,0
9-Nov-99,13585.65,13735.07,13574.42,13669.70,0
8-Nov-99,13659.26,13756.84,13513.66,13521.11,0
5-Nov-99,13698.30,13730.89,13533.26,13610.27,0
4-Nov-99,13272.30,13693.39,13272.30,13651.51,0
3-Nov-99,13366.12,13497.36,13230.72,13257.33,0
2-Nov-99,13335.25,13405.41,13278.17,13335.84,0
1-Nov-99,13309.40,13398.84,13281.05,13322.11,0
29-Oct-99,13072.59,13283.60,13072.59,13256.95,0
28-Oct-99,12780.96,13019.09,12750.36,12758.88,0
27-Oct-99,12796.97,12846.30,12687.66,12709.07,0
26-Oct-99,12932.96,12959.30,12765.65,12797.38,0
25-Oct-99,12973.59,13130.10,12965.55,13034.18,0
22-Oct-99,12534.12,12867.91,12499.61,12863.08,0
21-Oct-99,12530.02,12646.98,12483.71,12523.00,0
20-Oct-99,12262.29,12573.72,12262.29,12498.56,0
19-Oct-99,12236.52,12246.13,12066.65,12134.13,0
15-Oct-99,12486.15,12486.15,12283.98,12299.08,0
14-Oct-99,12486.42,12553.75,12354.55,12486.82,0
13-Oct-99,12706.28,12706.28,12398.63,12475.87,0
12-Oct-99,12979.67,12979.67,12743.15,12759.35,0
11-Oct-99,13112.42,13150.03,12913.33,12992.72,0
8-Oct-99,13102.41,13145.33,13050.03,13112.42,0
7-Oct-99,13132.08,13260.12,13080.37,13113.20,0
6-Oct-99,13010.47,13187.64,13010.07,13017.98,0
5-Oct-99,12872.87,13038.00,12802.03,12998.89,0
4-Oct-99,12731.32,13017.33,12731.32,12875.86,0
30-Sep-99,12798.68,12876.41,12733.24,12733.24,0
29-Sep-99,12822.06,12837.38,12652.87,12834.89,0
28-Sep-99,12920.00,12981.70,12792.57,12844.93,0
27-Sep-99,13049.25,13050.43,12686.59,12760.46,0
24-Sep-99,13063.81,13125.93,12931.35,13032.07,0
23-Sep-99,13188.82,13306.63,13177.75,13214.44,0
22-Sep-99,13200.57,13265.76,13108.61,13187.62,0
21-Sep-99,13484.78,13580.35,13419.81,13420.46,0
20-Sep-99,13554.62,13569.94,13315.53,13472.37,0
17-Sep-99,13243.03,13578.44,13185.81,13484.84,0
15-Sep-99,13703.50,13703.50,13417.58,13430.60,0
14-Sep-99,13810.65,13902.84,13733.93,13804.03,0
13-Sep-99,13941.08,14075.06,13800.69,13860.85,0
10-Sep-99,13871.27,14005.08,13820.40,13855.93,0
9-Sep-99,13323.29,13854.96,13321.08,13854.88,0
8-Sep-99,13401.46,13414.26,13342.98,13356.63,0
7-Sep-99,13416.01,13522.47,13352.42,13396.09,0
6-Sep-99,13372.33,13435.19,13346.60,13385.16,0
3-Sep-99,13255.92,13255.92,13074.75,13178.31,0
2-Sep-99,13510.24,13575.16,13256.52,13367.56,0
1-Sep-99,13561.08,13682.96,13524.19,13544.19,0
31-Aug-99,13574.98,13597.87,13451.23,13482.77,0
30-Aug-99,13434.79,13784.40,13434.79,13688.66,0
27-Aug-99,13532.61,13561.81,13370.77,13383.13,0
26-Aug-99,13567.85,13683.38,13545.87,13608.38,0
25-Aug-99,13639.76,13645.52,13369.47,13479.13,0
24-Aug-99,13730.64,13744.24,13536.61,13633.87,0
23-Aug-99,13707.59,13834.89,13573.66,13573.66,0
20-Aug-99,13444.52,13638.40,13396.42,13566.74,0
19-Aug-99,12918.89,13423.80,12855.73,13403.59,0
18-Aug-99,12947.89,13088.66,12923.80,12993.10,0
17-Aug-99,12883.06,12883.06,12740.06,12783.16,0
16-Aug-99,12882.73,12997.12,12824.24,12894.78,0
13-Aug-99,12775.18,12775.18,12473.87,12608.18,0
12-Aug-99,12634.28,12803.34,12625.47,12779.75,0
11-Aug-99,12512.16,12614.93,12422.78,12437.80,0
10-Aug-99,12922.04,13061.89,12576.34,12596.71,0
9-Aug-99,13046.51,13046.51,12886.13,12945.47,0
6-Aug-99,13206.45,13250.49,13090.60,13167.06,0
5-Aug-99,13558.11,13558.11,13201.62,13254.34,0
4-Aug-99,13532.95,13631.92,13484.42,13591.02,0
3-Aug-99,13435.65,13533.35,13370.74,13473.84,0
2-Aug-99,13202.39,13451.51,13142.75,13435.43,0
30-Jul-99,12949.72,13213.49,12832.49,13186.86,0
29-Jul-99,13125.03,13184.76,13009.71,13117.84,0
28-Jul-99,13184.76,13234.78,13039.64,13140.42,0
27-Jul-99,12761.62,13136.54,12722.55,13075.09,0
26-Jul-99,12992.78,13098.48,12819.48,12866.52,0
23-Jul-99,13335.26,13335.26,12952.27,13093.70,0
22-Jul-99,13419.86,13524.12,13326.74,13369.06,0
21-Jul-99,13417.93,13472.75,13347.18,13419.66,0
20-Jul-99,13636.83,13740.32,13560.98,13600.40,0
19-Jul-99,13515.19,13550.64,13395.46,13447.13,0
16-Jul-99,13801.03,13826.05,13397.79,13545.24,0
15-Jul-99,13631.79,13758.89,13508.83,13758.89,0
14-Jul-99,13859.18,13859.18,13466.90,13575.57,0
13-Jul-99,14057.26,14069.13,13891.39,13980.93,0
12-Jul-99,14253.80,14404.42,14059.50,14061.84,0
9-Jul-99,14136.06,14308.59,14043.19,14222.57,0
8-Jul-99,14214.57,14454.22,14059.55,14226.30,0
7-Jul-99,14273.09,14408.04,14222.32,14257.44,0
6-Jul-99,14523.80,14523.80,14321.70,14372.61,0
5-Jul-99,14369.72,14531.63,14271.84,14506.74,0
2-Jul-99,13859.60,14188.17,13815.68,14184.58,0
30-Jun-99,13687.12,13825.86,13530.19,13532.14,0
29-Jun-99,13905.68,13966.07,13745.65,13765.49,0
28-Jun-99,13768.17,13862.80,13740.63,13840.29,0
25-Jun-99,13753.13,13875.85,13716.88,13784.51,0
24-Jun-99,13894.15,13953.76,13747.01,13780.12,0
23-Jun-99,13929.21,14104.90,13791.55,13976.04,0
22-Jun-99,13995.07,14124.42,13936.49,14004.88,0
21-Jun-99,13563.16,13999.99,13538.89,13994.23,0
17-Jun-99,13370.46,13453.80,13338.94,13408.27,0
16-Jun-99,12924.77,13221.56,12916.79,13155.12,0
15-Jun-99,13051.19,13067.05,12860.68,12935.41,0
14-Jun-99,13028.66,13056.55,12915.22,13007.57,0
11-Jun-99,12883.77,13030.53,12813.60,12992.76,0
10-Jun-99,13022.35,13114.89,12805.86,12839.12,0
9-Jun-99,12776.75,12905.75,12721.94,12874.42,0
8-Jun-99,12898.52,13023.20,12840.78,12864.86,0
7-Jun-99,12562.71,12837.39,12562.71,12837.39,0
4-Jun-99,12523.49,12577.12,12359.49,12415.54,0
3-Jun-99,12414.32,12480.41,12297.72,12471.61,0
2-Jun-99,12351.27,12534.79,12317.25,12458.64,0
1-Jun-99,12139.97,12363.56,12106.78,12363.56,0
31-May-99,12088.79,12179.03,11964.64,12147.12,0
28-May-99,12179.12,12179.12,11977.54,12059.25,0
27-May-99,12486.72,12510.70,12282.43,12308.53,0
26-May-99,12233.06,12452.49,12221.09,12409.16,0
25-May-99,12301.66,12481.18,12259.58,12346.91,0
24-May-99,12307.86,12436.86,12193.58,12436.86,0
21-May-99,12383.00,12383.00,12224.98,12272.14,0
20-May-99,12431.57,12515.14,12310.09,12375.42,0
19-May-99,12532.01,12532.01,12321.87,12403.14,0
18-May-99,12589.76,12660.82,12549.48,12627.10,0
17-May-99,12629.12,12672.83,12521.95,12588.60,0
14-May-99,13141.49,13167.02,12854.23,12855.52,0
13-May-99,13031.23,13169.18,12993.50,13053.67,0
12-May-99,12824.77,13162.76,12824.77,13012.97,0
11-May-99,13091.76,13091.76,12771.62,12874.37,0
10-May-99,13075.84,13181.00,12769.05,13163.20,0
7-May-99,13496.46,13496.46,12966.42,12997.43,0
6-May-99,13679.77,13719.08,13399.35,13570.24,0
5-May-99,13434.91,13643.51,13366.77,13586.21,0
4-May-99,13618.30,13690.37,13481.24,13559.69,0
3-May-99,13297.77,13379.57,13081.45,13337.07,0
30-Apr-99,13176.74,13342.78,13176.74,13333.20,0
29-Apr-99,13094.90,13284.15,12881.60,13179.70,0
28-Apr-99,13568.22,13628.26,13035.72,13133.39,0
27-Apr-99,13345.07,13409.99,13236.04,13364.79,0
26-Apr-99,12854.44,13173.37,12853.86,13127.02,0
23-Apr-99,13114.88,13364.42,12905.30,12905.30,0
22-Apr-99,12722.99,13010.19,12722.99,12933.54,0
21-Apr-99,12450.01,12609.43,12382.43,12543.76,0
20-Apr-99,12696.95,12811.30,12384.74,12409.78,0
19-Apr-99,12639.15,13079.50,12639.15,12766.44,0
16-Apr-99,12068.36,12490.30,12068.36,12490.30,0
15-Apr-99,11867.58,11975.65,11785.65,11962.23,0
14-Apr-99,11853.87,11963.91,11783.15,11834.13,0
13-Apr-99,11888.49,11956.43,11858.37,11899.69,0
12-Apr-99,11738.11,11806.28,11638.88,11744.74,0
9-Apr-99,11802.03,11919.83,11757.59,11914.10,0
8-Apr-99,11781.56,11889.34,11715.57,11727.84,0
7-Apr-99,11288.13,11630.47,11288.13,11614.87,0
1-Apr-99,11017.45,11072.98,10850.11,11072.98,0
31-Mar-99,10861.12,11081.58,10858.86,10942.20,0
30-Mar-99,10810.23,10972.08,10779.40,10940.21,0
29-Mar-99,10801.73,10801.73,10628.06,10688.47,0
26-Mar-99,10895.62,10896.53,10751.24,10803.31,0
25-Mar-99,10829.26,10878.80,10769.21,10826.13,0
24-Mar-99,10839.78,10859.75,10653.67,10711.34,0
23-Mar-99,11030.98,11060.73,10905.04,11041.01,0
22-Mar-99,11013.17,11161.00,10977.63,11107.24,0
19-Mar-99,10817.06,11127.23,10815.19,11082.92,0
18-Mar-99,10884.50,10889.21,10570.18,10659.32,0
17-Mar-99,10900.43,10988.49,10853.37,10940.07,0
16-Mar-99,10869.47,10963.22,10861.23,10911.25,0
15-Mar-99,10788.14,10874.32,10738.81,10836.86,0
12-Mar-99,10812.53,10918.43,10728.61,10801.76,0
11-Mar-99,10728.53,10837.66,10598.37,10662.81,0
10-Mar-99,10550.19,10813.61,10515.72,10749.01,0
9-Mar-99,10311.49,10539.12,10311.49,10532.95,0
8-Mar-99,10401.26,10500.86,10236.47,10263.99,0
5-Mar-99,10057.12,10253.07,10037.53,10241.12,0
4-Mar-99,9969.00,9977.08,9804.00,9912.76,0
3-Mar-99,9910.58,10091.91,9865.41,9922.40,0
2-Mar-99,9964.76,10154.36,9868.25,9913.58,0
1-Mar-99,9951.11,10055.79,9951.11,10020.46,0
26-Feb-99,9803.34,9891.62,9741.80,9858.49,0
25-Feb-99,9652.27,9687.85,9547.42,9658.07,0
24-Feb-99,9425.78,9737.08,9383.76,9677.57,0
23-Feb-99,9330.26,9464.84,9330.26,9433.99,0
22-Feb-99,9218.55,9279.37,9146.22,9229.34,0
19-Feb-99,9484.61,9485.01,9235.26,9254.12,0
15-Feb-99,9459.00,9470.28,9334.10,9402.39,0
12-Feb-99,9260.15,9437.88,9245.39,9425.42,0
11-Feb-99,9103.21,9237.53,9103.21,9146.80,0
10-Feb-99,9147.50,9162.71,9000.24,9076.33,0
9-Feb-99,9082.33,9244.49,9053.57,9244.49,0
8-Feb-99,9199.03,9251.16,9109.63,9139.60,0
5-Feb-99,9378.55,9378.55,9156.71,9190.20,0
4-Feb-99,9390.31,9486.80,9368.75,9438.65,0
3-Feb-99,9455.37,9547.32,9408.63,9419.85,0
2-Feb-99,9522.34,9581.10,9436.43,9502.72,0
1-Feb-99,9485.49,9633.15,9336.91,9599.55,0
29-Jan-99,9435.52,9526.88,9341.99,9506.90,0
28-Jan-99,9643.60,9643.60,9339.01,9360.96,0
27-Jan-99,9571.11,9745.87,9514.59,9719.66,0
26-Jan-99,9640.06,9655.80,9414.57,9509.83,0
25-Jan-99,9527.29,9527.29,9316.05,9499.50,0
22-Jan-99,9904.65,9904.65,9695.49,9738.52,0
21-Jan-99,10224.55,10224.55,9992.66,10048.57,0
20-Jan-99,10288.04,10337.23,10245.85,10314.91,0
19-Jan-99,10527.19,10527.19,10258.23,10290.11,0
18-Jan-99,10356.06,10422.12,10304.32,10402.54,0
15-Jan-99,9994.74,10208.81,9959.82,10147.40,0
14-Jan-99,10058.16,10283.89,9907.80,10183.13,0
13-Jan-99,10559.86,10602.20,10273.77,10273.77,0
12-Jan-99,10530.62,10735.33,10456.01,10711.56,0
11-Jan-99,10797.61,10834.00,10565.49,10634.27,0
8-Jan-99,10713.15,10898.25,10687.79,10722.70,0
7-Jan-99,10585.17,10737.76,10565.09,10693.57,0
6-Jan-99,9967.43,10233.80,9967.43,10233.80,0
5-Jan-99,9800.67,9939.97,9790.00,9891.06,0
4-Jan-99,9982.26,9982.26,9764.98,9809.17,0
31-Dec-98,10117.06,10117.06,10048.58,10048.58,0
30-Dec-98,10262.70,10266.21,10094.32,10121.44,0
29-Dec-98,10171.21,10270.96,10171.21,10225.97,0
28-Dec-98,10263.62,10281.60,10146.27,10170.14,0
24-Dec-98,10242.61,10314.48,10224.91,10292.20,0
23-Dec-98,10263.69,10263.69,10101.58,10158.75,0
22-Dec-98,10396.55,10396.55,10296.83,10322.56,0
21-Dec-98,10469.56,10469.56,10334.64,10396.01,0
18-Dec-98,10169.54,10266.24,10153.82,10226.23,0
17-Dec-98,9933.18,10101.99,9847.16,10083.31,0
16-Dec-98,9986.95,10015.09,9927.83,9939.39,0
15-Dec-98,9804.73,9964.72,9788.32,9952.84,0
14-Dec-98,9878.99,9878.99,9714.01,9825.21,0
11-Dec-98,10146.28,10146.28,9921.06,9952.00,0
10-Dec-98,10334.02,10388.46,10281.23,10315.44,0
9-Dec-98,10293.67,10372.32,10234.32,10361.29,0
8-Dec-98,10398.10,10458.36,10300.23,10351.08,0
7-Dec-98,10288.08,10433.89,10288.08,10428.82,0
4-Dec-98,10024.45,10153.02,9890.35,9963.14,0
3-Dec-98,9967.48,10140.71,9805.05,10046.15,0
2-Dec-98,10053.14,10187.81,9980.88,10055.78,0
1-Dec-98,10258.14,10258.14,9961.30,9975.85,0
30-Nov-98,10705.19,10705.19,10393.53,10402.32,0
27-Nov-98,10788.42,10819.05,10690.10,10742.11,0
26-Nov-98,10763.08,10838.90,10656.25,10778.92,0
25-Nov-98,10767.40,10979.31,10649.65,10720.99,0
24-Nov-98,10648.75,10869.15,10636.54,10851.71,0
23-Nov-98,10411.12,10514.53,10395.64,10514.53,0
20-Nov-98,10448.09,10453.92,10227.98,10233.36,0
19-Nov-98,10219.88,10352.75,10166.88,10313.30,0
18-Nov-98,10198.73,10354.92,10194.56,10213.42,0
17-Nov-98,10320.96,10351.78,10054.36,10148.69,0
16-Nov-98,10010.54,10358.40,10010.54,10298.09,0
13-Nov-98,9932.35,10067.25,9918.65,9997.99,0
12-Nov-98,10172.25,10196.67,9914.27,9948.18,0
11-Nov-98,9698.51,10137.32,9678.18,10137.32,0
10-Nov-98,9702.99,9795.16,9637.56,9721.33,0
9-Nov-98,10086.25,10086.25,9840.37,9851.93,0
6-Nov-98,10179.53,10344.09,10100.58,10139.75,0
5-Nov-98,10558.37,10565.37,10197.66,10221.98,0
4-Nov-98,10435.90,10535.45,10267.55,10508.25,0
3-Nov-98,10298.91,10401.39,10263.73,10358.52,0
2-Nov-98,10217.59,10286.08,10094.92,10170.08,0
30-Oct-98,9966.73,10254.35,9966.73,10154.94,0
29-Oct-98,9869.70,9989.42,9578.19,9931.46,0
27-Oct-98,9744.43,9985.54,9724.04,9927.05,0
26-Oct-98,9763.03,9860.61,9743.24,9778.91,0
23-Oct-98,9557.86,9866.36,9487.32,9817.75,0
22-Oct-98,9679.38,9795.40,9628.95,9658.58,0
21-Oct-98,9790.74,9894.73,9639.40,9662.12,0
20-Oct-98,9620.21,9746.78,9571.33,9642.75,0
19-Oct-98,9661.02,9815.63,9506.13,9599.05,0
16-Oct-98,9456.78,9805.76,9456.78,9777.01,0
15-Oct-98,8838.64,9037.98,8765.69,8970.42,0
14-Oct-98,8962.07,9068.69,8807.16,8840.01,0
13-Oct-98,9022.90,9114.02,8822.84,9008.83,0
12-Oct-98,8737.23,9168.13,8737.23,8990.27,0
9-Oct-98,8026.17,8527.01,8026.17,8506.79,0
8-Oct-98,7714.08,8060.17,7714.08,7939.51,0
7-Oct-98,7577.18,7829.58,7577.18,7744.72,0
5-Oct-98,7651.75,7651.75,7540.79,7564.54,0
30-Sep-98,7811.25,7900.72,7752.11,7883.46,0
29-Sep-98,7976.27,7976.27,7813.30,7837.61,0
28-Sep-98,7760.71,8011.50,7760.71,7946.04,0
25-Sep-98,7700.32,7745.93,7553.29,7701.61,0
24-Sep-98,7705.47,7907.40,7705.47,7834.61,0
23-Sep-98,7372.49,7518.88,7348.18,7504.39,0
22-Sep-98,7192.95,7438.33,7192.95,7373.51,0
21-Sep-98,7410.81,7410.81,7142.19,7170.23,0
18-Sep-98,7450.82,7469.29,7348.28,7445.96,0
17-Sep-98,7856.11,7856.11,7555.54,7576.57,0
16-Sep-98,7716.60,7904.99,7708.24,7860.68,0
15-Sep-98,7700.67,7837.96,7672.64,7733.47,0
14-Sep-98,7607.73,7712.15,7572.47,7661.86,0
11-Sep-98,7672.58,7672.58,7538.60,7578.48,0
10-Sep-98,7828.86,7950.28,7749.90,7849.96,0
9-Sep-98,8215.66,8215.66,7899.98,7905.45,0
8-Sep-98,8127.48,8331.69,8127.48,8189.25,0
7-Sep-98,7649.69,8189.43,7649.69,8076.76,0
4-Sep-98,7168.84,7538.30,7168.63,7488.47,0
3-Sep-98,7335.86,7525.75,7201.44,7318.59,0
2-Sep-98,7308.01,7501.38,7298.73,7355.67,0
1-Sep-98,7038.45,7306.40,6982.43,7062.47,0
31-Aug-98,7558.05,7686.67,7233.81,7275.04,0
28-Aug-98,7865.47,7880.93,7829.37,7829.74,0
27-Aug-98,7840.95,7926.35,7834.40,7922.97,0
26-Aug-98,7837.09,7860.85,7679.48,7834.40,0
25-Aug-98,7783.94,7899.19,7714.27,7890.09,0
24-Aug-98,7443.43,7845.48,7438.84,7845.48,0
21-Aug-98,7647.72,7703.24,7524.20,7527.61,0
20-Aug-98,7590.57,7880.89,7586.93,7742.53,0
19-Aug-98,7300.43,7731.51,7300.43,7622.58,0
18-Aug-98,7246.75,7259.29,7146.49,7210.92,0
17-Aug-98,6649.45,7271.75,6643.57,7224.69,0
14-Aug-98,6649.45,7271.75,6643.57,7224.69,0
13-Aug-98,6855.31,6855.31,6544.79,6660.42,0
12-Aug-98,6761.83,6891.54,6708.18,6859.48,0
11-Aug-98,7025.08,7025.08,6725.59,6779.95,0
10-Aug-98,7065.22,7100.19,6991.59,7034.62,0
7-Aug-98,7199.59,7217.88,7000.00,7018.41,0
6-Aug-98,7476.52,7522.57,7254.36,7254.36,0
5-Aug-98,7391.55,7501.71,7366.44,7466.43,0
4-Aug-98,7499.15,7623.12,7377.81,7580.80,0
3-Aug-98,7767.42,7767.42,7537.25,7552.77,0
31-Jul-98,7980.35,8010.77,7785.31,7936.20,0
30-Jul-98,7822.04,7917.20,7750.76,7906.16,0
29-Jul-98,7873.97,7995.18,7752.99,7808.83,0
28-Jul-98,8031.70,8068.41,7869.18,7926.10,0
27-Jul-98,8184.08,8197.10,7982.65,7984.43,0
24-Jul-98,8037.54,8302.84,8018.89,8257.46,0
23-Jul-98,8380.49,8380.49,8164.69,8176.25,0
22-Jul-98,8527.49,8527.49,8392.02,8420.72,0
21-Jul-98,8512.23,8661.67,8511.58,8564.55,0
20-Jul-98,8641.13,8660.76,8480.65,8493.25,0
17-Jul-98,8679.82,8712.07,8556.08,8628.93,0
16-Jul-98,8419.28,8638.56,8371.64,8586.57,0
15-Jul-98,8343.91,8501.82,8334.64,8456.22,0
14-Jul-98,8180.13,8207.15,8072.07,8178.93,0
13-Jul-98,8109.68,8113.80,7912.23,8099.20,0
10-Jul-98,8379.77,8379.77,8129.56,8205.77,0
9-Jul-98,8639.10,8655.42,8429.57,8433.78,0
8-Jul-98,8483.76,8668.71,8483.76,8629.18,0
7-Jul-98,8503.08,8560.75,8444.18,8444.18,0
6-Jul-98,8629.11,8629.11,8451.83,8484.12,0
3-Jul-98,8766.38,8766.38,8550.61,8639.31,0
2-Jul-98,8844.10,8970.74,8844.10,8866.16,0
30-Jun-98,8547.42,8660.13,8471.88,8543.10,0
29-Jun-98,8663.39,8790.55,8444.25,8460.71,0
26-Jun-98,8635.99,8702.25,8410.60,8607.86,0
25-Jun-98,8293.82,8705.81,8272.97,8665.83,0
24-Jun-98,8221.18,8312.16,8109.69,8296.77,0
23-Jun-98,8284.59,8341.44,8048.82,8219.67,0
22-Jun-98,8531.30,8531.30,8180.04,8204.21,0
19-Jun-98,8396.26,8677.49,8350.45,8591.91,0
18-Jun-98,8485.63,8644.14,8416.77,8515.97,0
17-Jun-98,7787.83,8005.76,7745.27,8004.35,0
16-Jun-98,7426.61,7642.66,7351.68,7526.45,0
15-Jun-98,7803.93,7803.93,7438.72,7462.50,0
12-Jun-98,7749.49,7970.53,7740.84,7915.44,0
11-Jun-98,7881.58,7929.02,7673.25,7886.07,0
10-Jun-98,8261.75,8261.75,7906.39,7979.37,0
9-Jun-98,8615.30,8617.70,8347.98,8391.46,0
8-Jun-98,8623.06,8666.25,8424.22,8586.63,0
5-Jun-98,8606.55,8672.10,8546.35,8569.47,0
4-Jun-98,8805.42,8805.42,8542.03,8558.43,0
3-Jun-98,8631.55,8915.29,8537.77,8819.22,0
2-Jun-98,8618.67,8618.67,8351.11,8598.17,0
1-Jun-98,9049.48,9089.41,8607.89,8612.01,0
29-May-98,8853.63,8949.47,8836.38,8934.56,0
28-May-98,8931.56,9066.79,8853.06,8877.94,0
27-May-98,9357.91,9357.91,8914.23,8983.43,0
26-May-98,9529.32,9529.32,9421.62,9482.21,0
25-May-98,9519.95,9558.59,9487.54,9544.53,0
22-May-98,9613.68,9659.98,9535.53,9555.98,0
21-May-98,9693.59,9725.11,9489.51,9670.45,0
20-May-98,9333.63,9555.55,9264.30,9549.18,0
19-May-98,9344.43,9486.57,9209.97,9449.11,0
18-May-98,9478.57,9539.18,9368.43,9411.97,0
15-May-98,9573.08,9716.95,9499.02,9538.39,0
14-May-98,9485.74,9612.99,9303.03,9591.95,0
13-May-98,9710.73,9710.73,9456.59,9469.29,0
12-May-98,10033.38,10130.50,9819.17,9841.51,0
11-May-98,10106.44,10135.33,9953.27,10096.37,0
8-May-98,9911.91,10095.62,9908.13,10060.38,0
7-May-98,9992.76,9994.08,9842.46,9971.93,0
6-May-98,10036.40,10186.15,9983.34,10109.14,0
5-May-98,10460.21,10475.87,10132.63,10153.66,0
4-May-98,10610.97,10619.20,10401.82,10439.42,0
1-May-98,10538.70,10613.29,10514.37,10563.68,0
30-Apr-98,10490.12,10490.12,10267.23,10383.68,0
29-Apr-98,10668.86,10668.86,10419.60,10471.15,0
28-Apr-98,10358.10,10678.61,10302.58,10678.61,0
27-Apr-98,10812.10,10812.10,10555.60,10593.70,0
24-Apr-98,10839.10,10912.20,10767.30,10879.90,0
23-Apr-98,10966.40,10970.20,10827.90,10918.90,0
22-Apr-98,10988.80,11044.20,10889.50,10977.50,0
21-Apr-98,11125.40,11191.90,10945.90,10968.30,0
20-Apr-98,11075.00,11151.60,10999.20,11151.60,0
17-Apr-98,11055.00,11055.00,10876.00,11001.30,0
16-Apr-98,11315.40,11315.40,11110.60,11187.80,0
15-Apr-98,11471.00,11490.30,11269.10,11371.10,0
14-Apr-98,11449.20,11506.00,11296.40,11420.30,0
9-Apr-98,11261.70,11405.90,11167.10,11342.00,0
8-Apr-98,11012.80,11429.80,11011.90,11314.50,0
7-Apr-98,11178.10,11214.90,10997.40,11049.40,0
3-Apr-98,11126.50,11206.60,10952.50,11052.70,0
2-Apr-98,11352.70,11372.40,11097.10,11189.70,0
1-Apr-98,11491.20,11491.20,11291.80,11331.40,0
31-Mar-98,11447.70,11578.40,11404.60,11518.70,0
30-Mar-98,11834.90,11874.70,11503.10,11503.80,0
27-Mar-98,11703.70,11868.70,11677.50,11735.50,0
26-Mar-98,11911.20,11926.20,11717.20,11757.90,0
25-Mar-98,11745.60,11891.50,11745.60,11810.60,0
24-Mar-98,11546.60,11688.70,11516.80,11645.40,0
23-Mar-98,11633.30,11672.80,11488.90,11594.30,0
20-Mar-98,11553.40,11715.70,11551.00,11564.20,0
19-Mar-98,11162.80,11459.10,11139.10,11445.00,0
18-Mar-98,11279.00,11308.60,11011.60,11121.70,0
17-Mar-98,11268.00,11349.30,11239.20,11255.50,0
16-Mar-98,11034.50,11207.40,10986.30,11181.50,0
13-Mar-98,10889.90,11076.10,10889.90,11057.00,0
12-Mar-98,11094.50,11229.80,10827.30,10902.50,0
11-Mar-98,10984.40,11166.10,10984.40,11118.90,0
10-Mar-98,10995.30,11093.60,10898.60,10898.60,0
9-Mar-98,10892.80,11006.90,10697.90,10994.10,0
6-Mar-98,10730.30,10994.70,10708.20,10919.50,0
5-Mar-98,11161.50,11161.50,10801.40,10803.70,0
4-Mar-98,11414.20,11414.20,11192.70,11350.80,0
3-Mar-98,11343.20,11447.60,11258.90,11425.50,0
2-Mar-98,11486.70,11669.90,11302.80,11318.80,0
27-Feb-98,11294.60,11480.70,11185.10,11480.70,0
26-Feb-98,11094.30,11383.10,11014.60,11224.80,0
25-Feb-98,10676.40,10886.70,10632.80,10886.70,0
24-Feb-98,10740.80,10740.80,10491.20,10683.30,0
23-Feb-98,10796.00,10871.00,10652.60,10685.20,0
20-Feb-98,10491.80,10671.40,10349.00,10600.00,0
19-Feb-98,11002.10,11081.40,10581.30,10581.30,0
18-Feb-98,10333.00,10671.00,10327.40,10671.00,0
17-Feb-98,10169.30,10358.30,10169.30,10232.00,0
16-Feb-98,10220.30,10220.30,9918.20,10124.00,0
13-Feb-98,10510.60,10510.60,10148.70,10274.60,0
12-Feb-98,10748.80,10748.80,10511.50,10620.00,0
11-Feb-98,11101.70,11189.80,10754.50,10793.40,0
10-Feb-98,10908.30,10928.20,10581.50,10859.70,0
9-Feb-98,10530.60,10894.70,10530.60,10873.20,0
6-Feb-98,10580.50,10681.90,10485.90,10485.90,0
5-Feb-98,10228.40,10508.20,10192.20,10442.10,0
4-Feb-98,10420.80,10704.60,10302.60,10302.60,0
3-Feb-98,10705.40,10743.20,10387.90,10525.50,0
2-Feb-98,9800.00,10697.00,9800.00,10578.60,0
27-Jan-98,9047.80,9254.00,9032.40,9252.40,0
26-Jan-98,9045.40,9278.80,8948.10,8973.90,0
23-Jan-98,8849.30,8943.80,8641.20,8920.20,0
22-Jan-98,9068.50,9068.50,8773.90,8883.70,0
21-Jan-98,9558.70,9572.40,9127.90,9246.80,0
20-Jan-98,9328.20,9659.30,9212.10,9433.70,0
19-Jan-98,9217.50,9510.70,9217.50,9400.40,0
16-Jan-98,8668.50,9044.30,8668.50,8900.00,0
15-Jan-98,9094.10,9094.10,8471.70,8579.00,0
14-Jan-98,8913.50,9317.00,8913.50,9226.60,0
13-Jan-98,8333.70,8741.50,8333.70,8720.00,0
12-Jan-98,8214.30,8349.80,7909.10,8121.10,0
9-Jan-98,8971.70,9073.90,8721.10,8894.60,0
8-Jan-98,9553.40,9579.60,8928.90,9254.50,0
7-Jan-98,10084.20,10084.20,9515.80,9538.60,0
6-Jan-98,10212.40,10212.40,10056.40,10135.50,0
5-Jan-98,10673.90,10698.30,10301.40,10303.50,0
2-Jan-98,10743.70,10822.70,10594.10,10680.60,0
